Kennedy|Berry|O2-Platz|Berlin
Lael|Bernard|O2-Platz|Berlin
Orson|Montgomery|O2-Platz|Berlin
Jacob|Mitchell|O2-Platz|Berlin
Edward|Haney|O2-Platz|Berlin
Wyatt|Collins|O2-Platz|Berlin
Dean|Waller|O2-Platz|Berlin
Amos|Salas|O2-Platz|Berlin
Jonah|Hancock|O2-Platz|Berlin
Martina|Barnes|O2-Platz|Berlin
Taylor|Macias|Obentrautstr.|Berlin
Jeremy|Ballard|Obentrautstr.|Berlin
Xerxes|Moses|Obentrautstr.|Berlin
Jada|Farrell|Obentrautstr.|Berlin
Rhoda|Tanner|Obentrautstr.|Berlin
Meredith|Collier|Obentrautstr.|Berlin
MacKensie|Miranda|Obentrautstr.|Berlin
Micah|Sherman|Obentrautstr.|Berlin
Kalia|Mcintosh|Obentrautstr.|Berlin
Blair|Doyle|Obentrautstr.|Berlin
Sydney|Spears|Oberbaumbruecke|Berlin
Nadine|Morrison|Oberbaumbruecke|Berlin
Hamilton|Durham|Oberbaumbruecke|Berlin
Mason|Calhoun|Oberbaumbruecke|Berlin
Sandra|Simmons|Oberbaumbruecke|Berlin
Ryan|Griffith|Oberbaumbruecke|Berlin
Nayda|Frost|Oberbaumbruecke|Berlin
Xaviera|Hardy|Oberbaumbruecke|Berlin
Fleur|Miranda|Oberbaumbruecke|Berlin
Magee|Campbell|Oberbaumbruecke|Berlin
Gwendolyn|Cervantes|Oberbaumstr.|Berlin
Nathaniel|Haynes|Oberbaumstr.|Berlin
Zane|Nieves|Oberbaumstr.|Berlin
Unity|Farmer|Oberbaumstr.|Berlin
Cole|Chan|Oberbaumstr.|Berlin
Briar|Warner|Oberbaumstr.|Berlin
Violet|Burns|Oberbaumstr.|Berlin
Quintessa|Baker|Oberbaumstr.|Berlin
Calvin|Lamb|Oberbaumstr.|Berlin
Declan|Vinson|Oberbaumstr.|Berlin
Dean|Moore|Oberdorfer Steig|Berlin
Maite|Pena|Oberdorfer Steig|Berlin
Jada|Hunter|Oberdorfer Steig|Berlin
Ivana|King|Oberdorfer Steig|Berlin
Keegan|Day|Oberdorfer Steig|Berlin
Aristotle|Henson|Oberdorfer Steig|Berlin
Lacota|Stafford|Oberdorfer Steig|Berlin
Kevyn|Bruce|Oberdorfer Steig|Berlin
Grady|Mccall|Oberdorfer Steig|Berlin
Kameko|Torres|Oberdorfer Steig|Berlin
Shana|Gates|Oberfeldstr.|Berlin
Ivana|Knight|Oberfeldstr.|Berlin
Geoffrey|Stanton|Oberfeldstr.|Berlin
Sade|Burgess|Oberfeldstr.|Berlin
Galvin|Mason|Oberfeldstr.|Berlin
Hedley|Donovan|Oberfeldstr.|Berlin
Malachi|Melton|Oberfeldstr.|Berlin
Fuller|Ball|Oberfeldstr.|Berlin
Chiquita|Huber|Oberfeldstr.|Berlin
Samson|Clemons|Oberfeldstr.|Berlin
Yvette|Carney|Oberhaardter Weg|Berlin
Danielle|Mcfadden|Oberhaardter Weg|Berlin
Berk|Bender|Oberhaardter Weg|Berlin
Madaline|Powers|Oberhaardter Weg|Berlin
Aline|Roach|Oberhaardter Weg|Berlin
Erin|Morrow|Oberhaardter Weg|Berlin
Melvin|Cervantes|Oberhaardter Weg|Berlin
Kelly|Stokes|Oberhaardter Weg|Berlin
Dean|Ramos|Oberhaardter Weg|Berlin
Travis|Brennan|Oberhaardter Weg|Berlin
Ginger|Vaughn|Oberhauser Str.|Berlin
Jason|Sherman|Oberhauser Str.|Berlin
Connor|Head|Oberhauser Str.|Berlin
Shoshana|Kidd|Oberhauser Str.|Berlin
Rajah|Sawyer|Oberhauser Str.|Berlin
Lilah|Perry|Oberhauser Str.|Berlin
Aiko|Dotson|Oberhauser Str.|Berlin
Erasmus|Wood|Oberhauser Str.|Berlin
Elmo|Eaton|Oberhauser Str.|Berlin
Marny|Jones|Oberhauser Str.|Berlin
Hayes|Poole|Oberhofer Platz|Berlin
Raymond|Ruiz|Oberhofer Platz|Berlin
Veronica|Chandler|Oberhofer Platz|Berlin
Hop|Love|Oberhofer Platz|Berlin
Mary|Oliver|Oberhofer Platz|Berlin
Dara|Moran|Oberhofer Platz|Berlin
Alec|Patterson|Oberhofer Platz|Berlin
Abraham|Sellers|Oberhofer Platz|Berlin
Drake|Rutledge|Oberhofer Platz|Berlin
Amal|Delacruz|Oberhofer Platz|Berlin
Harlan|Silva|Oberhofer Weg|Berlin
Tucker|Tillman|Oberhofer Weg|Berlin
Ahmed|Rosales|Oberhofer Weg|Berlin
Kuame|Burt|Oberhofer Weg|Berlin
Flynn|Robles|Oberhofer Weg|Berlin
Ryan|Nolan|Oberhofer Weg|Berlin
Marshall|Mcfarland|Oberhofer Weg|Berlin
Rhoda|Rose|Oberhofer Weg|Berlin
Aaron|Miller|Oberhofer Weg|Berlin
Richard|Sanchez|Oberhofer Weg|Berlin