Amelia|Lee|Obere Burggasse|Frankfurt
Baxter|Farmer|Obere Burggasse|Frankfurt
Damon|Underwood|Obere Burggasse|Frankfurt
Daphne|Greer|Obere Burggasse|Frankfurt
Bradley|Whitfield|Obere Burggasse|Frankfurt
Selma|Taylor|Obere Burggasse|Frankfurt
Alice|Patel|Obere Burggasse|Frankfurt
Colette|Clark|Obere Burggasse|Frankfurt
Hammett|Sexton|Obere Burggasse|Frankfurt
Myles|Franco|Obere Burggasse|Frankfurt
Isabella|Williamson|Obere Kreuzaeckerstr.|Frankfurt
Isadora|Hill|Obere Kreuzaeckerstr.|Frankfurt
Brielle|Rocha|Obere Kreuzaeckerstr.|Frankfurt
Yetta|Herrera|Obere Kreuzaeckerstr.|Frankfurt
Veronica|Brady|Obere Kreuzaeckerstr.|Frankfurt
Seth|Strong|Obere Kreuzaeckerstr.|Frankfurt
Kane|Aguirre|Obere Kreuzaeckerstr.|Frankfurt
Hamilton|Cooper|Obere Kreuzaeckerstr.|Frankfurt
Ifeoma|York|Obere Kreuzaeckerstr.|Frankfurt
Galena|Bell|Obere Kreuzaeckerstr.|Frankfurt
Kalia|Combs|Obere Ruetzelstr.|Frankfurt
Lance|Cooke|Obere Ruetzelstr.|Frankfurt
Amy|Rodgers|Obere Ruetzelstr.|Frankfurt
Inez|Moore|Obere Ruetzelstr.|Frankfurt
Connor|Buckley|Obere Ruetzelstr.|Frankfurt
Regina|Giles|Obere Ruetzelstr.|Frankfurt
Melodie|Lott|Obere Ruetzelstr.|Frankfurt
Macon|Jordan|Obere Ruetzelstr.|Frankfurt
Graiden|Shannon|Obere Ruetzelstr.|Frankfurt
Denise|Boyer|Obere Ruetzelstr.|Frankfurt
Ori|Suarez|Oberer Kalbacher Weg|Frankfurt
Felix|Stanley|Oberer Kalbacher Weg|Frankfurt
Matthew|Woods|Oberer Kalbacher Weg|Frankfurt
Summer|Sears|Oberer Kalbacher Weg|Frankfurt
Rudyard|Allen|Oberer Kalbacher Weg|Frankfurt
Kiara|Chandler|Oberer Kalbacher Weg|Frankfurt
Beck|Arnold|Oberer Kalbacher Weg|Frankfurt
Slade|Pittman|Oberer Kalbacher Weg|Frankfurt
Rafael|Hunt|Oberer Kalbacher Weg|Frankfurt
Francesca|Medina|Oberer Kalbacher Weg|Frankfurt
Zephr|Branch|Oberer Kirchwiesenweg|Frankfurt
Ciaran|Massey|Oberer Kirchwiesenweg|Frankfurt
Candice|Mcleod|Oberer Kirchwiesenweg|Frankfurt
Alan|Quinn|Oberer Kirchwiesenweg|Frankfurt
Abdul|Casey|Oberer Kirchwiesenweg|Frankfurt
Mark|Carver|Oberer Kirchwiesenweg|Frankfurt
Finn|Glover|Oberer Kirchwiesenweg|Frankfurt
Quamar|Patrick|Oberer Kirchwiesenweg|Frankfurt
Isaac|Galloway|Oberer Kirchwiesenweg|Frankfurt
Galvin|Hines|Oberer Kirchwiesenweg|Frankfurt
Hilel|Nolan|Oberer Ornberg|Frankfurt
Rylee|Shelton|Oberer Ornberg|Frankfurt
Leila|Hahn|Oberer Ornberg|Frankfurt
Jordan|Robinson|Oberer Ornberg|Frankfurt
Levi|Campbell|Oberer Ornberg|Frankfurt
Medge|Robinson|Oberer Ornberg|Frankfurt
Quamar|Keller|Oberer Ornberg|Frankfurt
Vernon|Castaneda|Oberer Ornberg|Frankfurt
Rhonda|Fry|Oberer Ornberg|Frankfurt
Harriet|Wallace|Oberer Ornberg|Frankfurt
Lara|Summers|Oberer Schafhofweg|Frankfurt
Blaze|Stewart|Oberer Schafhofweg|Frankfurt
Roanna|Little|Oberer Schafhofweg|Frankfurt
Xanthus|Sargent|Oberer Schafhofweg|Frankfurt
Irma|Torres|Oberer Schafhofweg|Frankfurt
Brandon|Carter|Oberer Schafhofweg|Frankfurt
Noelle|Dillard|Oberer Schafhofweg|Frankfurt
Orlando|Bowers|Oberer Schafhofweg|Frankfurt
Bevis|Rojas|Oberer Schafhofweg|Frankfurt
Demetrius|Robles|Oberer Schafhofweg|Frankfurt
Sloane|Gentry|Oberfeldstr.|Frankfurt
Marsden|Bolton|Oberfeldstr.|Frankfurt
Hedley|Carrillo|Oberfeldstr.|Frankfurt
Nevada|Bender|Oberfeldstr.|Frankfurt
Camden|Bates|Oberfeldstr.|Frankfurt
Adara|Carrillo|Oberfeldstr.|Frankfurt
Kane|Pace|Oberfeldstr.|Frankfurt
Stacey|Pitts|Oberfeldstr.|Frankfurt
Griffith|Ball|Oberfeldstr.|Frankfurt
Josiah|Ashley|Oberfeldstr.|Frankfurt
Delilah|Rogers|Oberhoechstaedter Weg|Frankfurt
Reese|Shannon|Oberhoechstaedter Weg|Frankfurt
Hu|May|Oberhoechstaedter Weg|Frankfurt
Willa|Wilkins|Oberhoechstaedter Weg|Frankfurt
Ira|Hickman|Oberhoechstaedter Weg|Frankfurt
Alexandra|Rosales|Oberhoechstaedter Weg|Frankfurt
Wylie|Mercado|Oberhoechstaedter Weg|Frankfurt
Axel|Andrews|Oberhoechstaedter Weg|Frankfurt
Kamal|Cervantes|Oberhoechstaedter Weg|Frankfurt
Jada|Hall|Oberhoechstaedter Weg|Frankfurt
Kimberley|Sampson|Oberlindau|Frankfurt
Alana|Carrillo|Oberlindau|Frankfurt
Bertha|Mcbride|Oberlindau|Frankfurt
Marvin|Roth|Oberlindau|Frankfurt
Donna|Avila|Oberlindau|Frankfurt
Peter|Erickson|Oberlindau|Frankfurt
Yetta|Cline|Oberlindau|Frankfurt
Pearl|Hurley|Oberlindau|Frankfurt
Damian|Skinner|Oberlindau|Frankfurt
Ayanna|Sexton|Oberlindau|Frankfurt