Signe|Mueller|Marie-Stengle-Str.|Rottweil
Dai|Rogers|Marie-Stengle-Str.|Rottweil
Zahir|Scott|Marie-Stengle-Str.|Rottweil
Barbara|Jones|Marie-Stengle-Str.|Rottweil
Daryl|Stephenson|Marie-Stengle-Str.|Rottweil
Evelyn|Wise|Marie-Stengle-Str.|Rottweil
Dahlia|Benton|Marie-Stengle-Str.|Rottweil
Chadwick|Bennett|Marie-Stengle-Str.|Rottweil
Shana|Silva|Marie-Stengle-Str.|Rottweil
Macey|Conrad|Marie-Stengle-Str.|Rottweil
Oscar|Matthews|Marienstr.|Rottweil
Chloe|Greene|Marienstr.|Rottweil
Selma|Anderson|Marienstr.|Rottweil
Vernon|Duncan|Marienstr.|Rottweil
Ryder|Kline|Marienstr.|Rottweil
Seth|Sheppard|Marienstr.|Rottweil
Jordan|Mccall|Marienstr.|Rottweil
Patience|Jacobson|Marienstr.|Rottweil
Nissim|Vaughan|Marienstr.|Rottweil
Gwendolyn|Jacobs|Marienstr.|Rottweil
Quinn|Park|Marxstr.|Rottweil
Oprah|Richards|Marxstr.|Rottweil
Vincent|Stout|Marxstr.|Rottweil
Price|Mclaughlin|Marxstr.|Rottweil
Dieter|Slater|Marxstr.|Rottweil
Vincent|Powers|Marxstr.|Rottweil
Jermaine|Berry|Marxstr.|Rottweil
Caldwell|Obrien|Marxstr.|Rottweil
Sylvia|Noble|Marxstr.|Rottweil
Clare|Parker|Marxstr.|Rottweil
Abdul|Blanchard|Mauritiusstr.|Rottweil
Quinn|Hatfield|Mauritiusstr.|Rottweil
Kevin|Daniels|Mauritiusstr.|Rottweil
Cathleen|Ross|Mauritiusstr.|Rottweil
Demetria|Arnold|Mauritiusstr.|Rottweil
Hannah|Mckenzie|Mauritiusstr.|Rottweil
Julian|Walton|Mauritiusstr.|Rottweil
Frances|Cote|Mauritiusstr.|Rottweil
Quon|Castaneda|Mauritiusstr.|Rottweil
Inez|Ross|Mauritiusstr.|Rottweil
Suki|Kim|Max-Seifriz-Str.|Rottweil
Maia|Koch|Max-Seifriz-Str.|Rottweil
Brynn|Kemp|Max-Seifriz-Str.|Rottweil
Imani|Hubbard|Max-Seifriz-Str.|Rottweil
Kim|Oconnor|Max-Seifriz-Str.|Rottweil
Daria|Savage|Max-Seifriz-Str.|Rottweil
Lydia|Holman|Max-Seifriz-Str.|Rottweil
Jarrod|Livingston|Max-Seifriz-Str.|Rottweil
Olympia|Hale|Max-Seifriz-Str.|Rottweil
Josephine|Fuller|Max-Seifriz-Str.|Rottweil
Nell|Barlow|Meisenstr.|Rottweil
Neve|Stephenson|Meisenstr.|Rottweil
Regina|Emerson|Meisenstr.|Rottweil
Dylan|Blake|Meisenstr.|Rottweil
Hannah|White|Meisenstr.|Rottweil
Darius|Gamble|Meisenstr.|Rottweil
Tatiana|Douglas|Meisenstr.|Rottweil
India|Shelton|Meisenstr.|Rottweil
Veronica|Callahan|Meisenstr.|Rottweil
Hop|Norris|Meisenstr.|Rottweil
Kamal|Bird|Metzgergasse|Rottweil
Timothy|Hobbs|Metzgergasse|Rottweil
Henry|Carroll|Metzgergasse|Rottweil
Christine|Suarez|Metzgergasse|Rottweil
Keith|Webb|Metzgergasse|Rottweil
Ronan|Chandler|Metzgergasse|Rottweil
Scott|Anderson|Metzgergasse|Rottweil
Shelby|Noble|Metzgergasse|Rottweil
Sean|Fitzpatrick|Metzgergasse|Rottweil
Sylvia|Reed|Metzgergasse|Rottweil
Felicia|Erickson|Mittelstadtstr.|Rottweil
Benjamin|Mclean|Mittelstadtstr.|Rottweil
Omar|Oconnor|Mittelstadtstr.|Rottweil
Fredericka|Whitaker|Mittelstadtstr.|Rottweil
Whoopi|Patton|Mittelstadtstr.|Rottweil
Germaine|Atkinson|Mittelstadtstr.|Rottweil
Angela|Ross|Mittelstadtstr.|Rottweil
Owen|Guerra|Mittelstadtstr.|Rottweil
Brent|Le|Mittelstadtstr.|Rottweil
Dana|Hinton|Mittelstadtstr.|Rottweil
Leila|Lambert|Mozartstr.|Rottweil
Harlan|Foley|Mozartstr.|Rottweil
Gail|Mcgowan|Mozartstr.|Rottweil
Taylor|Carroll|Mozartstr.|Rottweil
Brenna|Giles|Mozartstr.|Rottweil
Knox|Welch|Mozartstr.|Rottweil
Xanthus|Finley|Mozartstr.|Rottweil
Athena|Shelton|Mozartstr.|Rottweil
Kessie|Wolf|Mozartstr.|Rottweil
Tatiana|Morton|Mozartstr.|Rottweil
Wesley|Rutledge|Moerikestr.|Rottweil
Wesley|Huffman|Moerikestr.|Rottweil
Kyle|Gilliam|Moerikestr.|Rottweil
Daryl|Lewis|Moerikestr.|Rottweil
Ramona|Hayden|Moerikestr.|Rottweil
Rowan|Mckay|Moerikestr.|Rottweil
Ocean|Dyer|Moerikestr.|Rottweil
Coby|Lang|Moerikestr.|Rottweil
Elmo|Carney|Moerikestr.|Rottweil
Nissim|Newton|Moerikestr.|Rottweil