Jonas|Weber|Musterweg|Tuttlingen
Jonas|Wirth|Musterweg|Tuttlingen
Dacey|Shepherd|Eberhardstr.|Tuttlingen
Pandora|Kirby|Eberhardstr.|Tuttlingen
Casey|Cunningham|Eberhardstr.|Tuttlingen
Judah|Johns|Eberhardstr.|Tuttlingen
Gray|Lowe|Eberhardstr.|Tuttlingen
Irma|Spencer|Eberhardstr.|Tuttlingen
Stephanie|Heath|Eberhardstr.|Tuttlingen
Amal|Berry|Eberhardstr.|Tuttlingen
Quinn|Mclean|Eberhardstr.|Tuttlingen
John|Cameron|Eberhardstr.|Tuttlingen
Hanae|Sellers|Ebertplatz|Tuttlingen
Rhonda|Craig|Ebertplatz|Tuttlingen
Emerald|Wilkinson|Ebertplatz|Tuttlingen
Lacey|Hess|Ebertplatz|Tuttlingen
Preston|Dickson|Ebertplatz|Tuttlingen
Ahmed|Newman|Ebertplatz|Tuttlingen
Justine|Spencer|Ebertplatz|Tuttlingen
Sloane|Schroeder|Ebertplatz|Tuttlingen
Ulric|Simpson|Ebertplatz|Tuttlingen
Katell|Whitney|Ebertplatz|Tuttlingen
Ethan|Rush|Eckenerstr.|Tuttlingen
Thane|Hardin|Eckenerstr.|Tuttlingen
Olivia|Malone|Eckenerstr.|Tuttlingen
Elton|Rosales|Eckenerstr.|Tuttlingen
Guy|Ballard|Eckenerstr.|Tuttlingen
Nola|Haney|Eckenerstr.|Tuttlingen
Stacey|Forbes|Eckenerstr.|Tuttlingen
Tobias|Lowery|Eckenerstr.|Tuttlingen
Alexander|Anderson|Eckenerstr.|Tuttlingen
Ivana|Webb|Eckenerstr.|Tuttlingen
Jenna|Walton|Egerstr.|Tuttlingen
Liberty|Cardenas|Egerstr.|Tuttlingen
Logan|Riley|Egerstr.|Tuttlingen
Reuben|Dale|Egerstr.|Tuttlingen
Uriel|Stephenson|Egerstr.|Tuttlingen
Raya|Kidd|Egerstr.|Tuttlingen
Alexa|Berger|Egerstr.|Tuttlingen
Myra|Castaneda|Egerstr.|Tuttlingen
Kenyon|Knapp|Egerstr.|Tuttlingen
Drake|Murray|Egerstr.|Tuttlingen
Simon|Meyers|Ehrenbergstr.|Tuttlingen
Kasimir|Thompson|Ehrenbergstr.|Tuttlingen
Regan|Hahn|Ehrenbergstr.|Tuttlingen
Wynter|Harrell|Ehrenbergstr.|Tuttlingen
Zahir|Stone|Ehrenbergstr.|Tuttlingen
Melissa|Marquez|Ehrenbergstr.|Tuttlingen
Eliana|Chavez|Ehrenbergstr.|Tuttlingen
Desirae|Estes|Ehrenbergstr.|Tuttlingen
Jackson|Ellison|Ehrenbergstr.|Tuttlingen
Eaton|Welch|Ehrenbergstr.|Tuttlingen
Axel|Patton|Eichenstr.|Tuttlingen
Latifah|Wooten|Eichenstr.|Tuttlingen
Skyler|Peterson|Eichenstr.|Tuttlingen
Blaze|Davidson|Eichenstr.|Tuttlingen
Kelsie|Sheppard|Eichenstr.|Tuttlingen
Mary|Levy|Eichenstr.|Tuttlingen
Tamara|Phillips|Eichenstr.|Tuttlingen
Jamal|Reid|Eichenstr.|Tuttlingen
Samuel|Leach|Eichenstr.|Tuttlingen
Neve|Velazquez|Eichenstr.|Tuttlingen
Caryn|Soto|Eichhoernchenweg|Tuttlingen
Harrison|Thomas|Eichhoernchenweg|Tuttlingen
Jonah|Crosby|Eichhoernchenweg|Tuttlingen
Zachary|Chandler|Eichhoernchenweg|Tuttlingen
Patricia|Harper|Eichhoernchenweg|Tuttlingen
Arden|Beach|Eichhoernchenweg|Tuttlingen
Dominic|Copeland|Eichhoernchenweg|Tuttlingen
Lenore|White|Eichhoernchenweg|Tuttlingen
Wylie|Hebert|Eichhoernchenweg|Tuttlingen
Pascale|Fitzgerald|Eichhoernchenweg|Tuttlingen
Abigail|Graham|Eisenbahnstr.|Tuttlingen
Demetrius|Mckee|Eisenbahnstr.|Tuttlingen
Alana|Manning|Eisenbahnstr.|Tuttlingen
Ralph|Gilbert|Eisenbahnstr.|Tuttlingen
Oliver|Lynch|Eisenbahnstr.|Tuttlingen
Patience|Campos|Eisenbahnstr.|Tuttlingen
Walter|Russell|Eisenbahnstr.|Tuttlingen
Lana|Downs|Eisenbahnstr.|Tuttlingen
Nigel|Fields|Eisenbahnstr.|Tuttlingen
Desirae|Melton|Eisenbahnstr.|Tuttlingen
Knox|Lee|Elsa-Brandstroem-Weg|Tuttlingen
Dacey|Velazquez|Elsa-Brandstroem-Weg|Tuttlingen
Mariko|Robertson|Elsa-Brandstroem-Weg|Tuttlingen
Velma|Benson|Elsa-Brandstroem-Weg|Tuttlingen
Luke|Guthrie|Elsa-Brandstroem-Weg|Tuttlingen
Hayden|Morin|Elsa-Brandstroem-Weg|Tuttlingen
Ahmed|Caldwell|Elsa-Brandstroem-Weg|Tuttlingen
Mariam|Savage|Elsa-Brandstroem-Weg|Tuttlingen
Ethan|Herman|Elsa-Brandstroem-Weg|Tuttlingen
Adena|Warren|Elsa-Brandstroem-Weg|Tuttlingen
Solomon|Moody|Eltaweg|Tuttlingen
Trevor|Jacobson|Eltaweg|Tuttlingen
Phelan|Rogers|Eltaweg|Tuttlingen
Ulla|Hutchinson|Eltaweg|Tuttlingen
Jemima|Osborne|Eltaweg|Tuttlingen
Brady|Hart|Eltaweg|Tuttlingen
Barbara|Monroe|Eltaweg|Tuttlingen
Olga|Livingston|Eltaweg|Tuttlingen
Dora|Bryan|Eltaweg|Tuttlingen
Amaya|Lamb|Eltaweg|Tuttlingen
