Name|Surname|Street|City
Derek|Fisher|Tabulatorweg|Hamburg
Raymond|Sanchez|Tabulatorweg|Hamburg
Quemby|Floyd|Tabulatorweg|Hamburg
Kirsten|Crane|Tabulatorweg|Hamburg
Raja|Knapp|Tabulatorweg|Hamburg
Deacon|Paul|Tabulatorweg|Hamburg
Asher|Campbell|Tabulatorweg|Hamburg
Desirae|Evans|Tabulatorweg|Hamburg
Mikayla|Nielsen|Tabulatorweg|Hamburg
Zachary|Carey|Tabulatorweg|Hamburg
Lyle|Hood|Tafelberg|Hamburg
Allen|Morin|Tafelberg|Hamburg
Taylor|Cochran|Tafelberg|Hamburg
Donna|Campos|Tafelberg|Hamburg
Thomas|Neal|Tafelberg|Hamburg
Kelsey|Leach|Tafelberg|Hamburg
Hadley|Harper|Tafelberg|Hamburg
McKenzie|Banks|Tafelberg|Hamburg
Quentin|Vaughn|Tafelberg|Hamburg
Buffy|Steele|Tafelberg|Hamburg
Tasha|Valdez|Talstr.|Hamburg
Lacey|Horn|Talstr.|Hamburg
Briar|Walsh|Talstr.|Hamburg
Robert|Mcneil|Talstr.|Hamburg
Emery|Bennett|Talstr.|Hamburg
Damian|Mann|Talstr.|Hamburg
Yolanda|Best|Talstr.|Hamburg
Jaquelyn|Sargent|Talstr.|Hamburg
Kirk|Hughes|Talstr.|Hamburg
Miranda|Haley|Talstr.|Hamburg
Leroy|Hampton|Talweg|Hamburg
Slade|Morales|Talweg|Hamburg
Dieter|Mclean|Talweg|Hamburg
Hayfa|Moody|Talweg|Hamburg
Buffy|Silva|Talweg|Hamburg
Celeste|Massey|Talweg|Hamburg
Hamish|Michael|Talweg|Hamburg
Shana|Craig|Talweg|Hamburg
Petra|Benton|Talweg|Hamburg
Renee|Kim|Talweg|Hamburg
Ray|Morgan|Talwinkel|Hamburg
Boris|Delacruz|Talwinkel|Hamburg
Indigo|Perez|Talwinkel|Hamburg
Aladdin|Joyce|Talwinkel|Hamburg
Ahmed|Butler|Talwinkel|Hamburg
Palmer|Daniel|Talwinkel|Hamburg
Wing|Kent|Talwinkel|Hamburg
Brandon|Sherman|Talwinkel|Hamburg
Alexandra|Woods|Talwinkel|Hamburg
Beverly|Obrien|Talwinkel|Hamburg
Armando|Mccoy|Tangstedter Graben|Hamburg
Kasper|Browning|Tangstedter Graben|Hamburg
Kathleen|Cote|Tangstedter Graben|Hamburg
Emerald|Griffin|Tangstedter Graben|Hamburg
Faith|Tanner|Tangstedter Graben|Hamburg
Shoshana|Schwartz|Tangstedter Graben|Hamburg
Myles|Forbes|Tangstedter Graben|Hamburg
Sheila|Bishop|Tangstedter Graben|Hamburg
Maggie|Cleveland|Tangstedter Graben|Hamburg
Rowan|Gaines|Tangstedter Graben|Hamburg
Gareth|Freeman|Tangstedter Knick|Hamburg
Lunea|Hudson|Tangstedter Knick|Hamburg
Ima|Whitfield|Tangstedter Knick|Hamburg
Whilemina|Fry|Tangstedter Knick|Hamburg
Idona|Sargent|Tangstedter Knick|Hamburg
Jonas|Obrien|Tangstedter Knick|Hamburg
Maxwell|Conway|Tangstedter Knick|Hamburg
Alexander|Ramirez|Tangstedter Knick|Hamburg
William|Holmes|Tangstedter Knick|Hamburg
Zia|Gomez|Tangstedter Knick|Hamburg
Mason|Fulton|Tangstedter Weg|Hamburg
Juliet|Cervantes|Tangstedter Weg|Hamburg
Zephania|Horton|Tangstedter Weg|Hamburg
Ori|Tillman|Tangstedter Weg|Hamburg
Cooper|Hunt|Tangstedter Weg|Hamburg
Leandra|Mccarthy|Tangstedter Weg|Hamburg
Amaya|Chase|Tangstedter Weg|Hamburg
Shelley|Randall|Tangstedter Weg|Hamburg
August|Frank|Tangstedter Weg|Hamburg
Erich|Hamilton|Tangstedter Weg|Hamburg
Lydia|Stanton|Tankweg|Hamburg
Price|Miles|Tankweg|Hamburg
Zeus|Mathews|Tankweg|Hamburg
Christine|Young|Tankweg|Hamburg
Rama|Carrillo|Tankweg|Hamburg
Buckminster|Avery|Tankweg|Hamburg
Isabelle|Rivers|Tankweg|Hamburg
Heidi|Simmons|Tankweg|Hamburg
Ross|Richards|Tankweg|Hamburg
Brett|Cash|Tankweg|Hamburg
Zahir|Gallegos|Tanneck|Hamburg
Angelica|Copeland|Tanneck|Hamburg
Abraham|Cortez|Tanneck|Hamburg
Noelani|Dickerson|Tanneck|Hamburg
Wang|Cortez|Tanneck|Hamburg
Alexa|Pace|Tanneck|Hamburg
Myles|Ford|Tanneck|Hamburg
Taylor|Sweeney|Tanneck|Hamburg
Justina|Sosa|Tanneck|Hamburg
Madonna|Huber|Tanneck|Hamburg