Tasha|Tyler|Gabelsbergerstr.|Koeln
Rahim|Malone|Gabelsbergerstr.|Koeln
Susan|Glass|Gabelsbergerstr.|Koeln
Wyatt|Simpson|Gabelsbergerstr.|Koeln
Naida|Roy|Gabelsbergerstr.|Koeln
Perry|Mcfadden|Gabelsbergerstr.|Koeln
Shay|Stevens|Gabelsbergerstr.|Koeln
Hamilton|Brooks|Gabelsbergerstr.|Koeln
Glenna|Dennis|Gabelsbergerstr.|Koeln
Darryl|Carpenter|Gabelsbergerstr.|Koeln
Oleg|Booth|Gabriele-Muenter-Str.|Koeln
Kitra|Kim|Gabriele-Muenter-Str.|Koeln
Nolan|Bradshaw|Gabriele-Muenter-Str.|Koeln
Jacob|Copeland|Gabriele-Muenter-Str.|Koeln
Upton|Madden|Gabriele-Muenter-Str.|Koeln
Grant|Chandler|Gabriele-Muenter-Str.|Koeln
Alea|Todd|Gabriele-Muenter-Str.|Koeln
Forrest|Harrington|Gabriele-Muenter-Str.|Koeln
Mariam|Barr|Gabriele-Muenter-Str.|Koeln
Hillary|Gilliam|Gabriele-Muenter-Str.|Koeln
Nasim|Chandler|Gaedestr.|Koeln
Leah|Benson|Gaedestr.|Koeln
Kyla|Bradford|Gaedestr.|Koeln
Kelsie|Franco|Gaedestr.|Koeln
Vielka|Jacobson|Gaedestr.|Koeln
Cedric|Beck|Gaedestr.|Koeln
Inga|Gibbs|Gaedestr.|Koeln
Michelle|Fisher|Gaedestr.|Koeln
Chastity|Landry|Gaedestr.|Koeln
Wesley|Murphy|Gaedestr.|Koeln
Allistair|Mccullough|Galileistr.|Koeln
Joelle|Sanders|Galileistr.|Koeln
Kirby|Noel|Galileistr.|Koeln
Guinevere|Chandler|Galileistr.|Koeln
Courtney|Barnes|Galileistr.|Koeln
Dai|Drake|Galileistr.|Koeln
Brielle|Soto|Galileistr.|Koeln
Colette|Jordan|Galileistr.|Koeln
Reuben|Chen|Galileistr.|Koeln
Ali|Stout|Galileistr.|Koeln
Hyacinth|Wilkins|Gartenstr.|Koeln
Venus|Lawson|Gartenstr.|Koeln
Hamish|Adams|Gartenstr.|Koeln
Aiko|Petty|Gartenstr.|Koeln
Otto|Forbes|Gartenstr.|Koeln
Igor|Snyder|Gartenstr.|Koeln
Leroy|Koch|Gartenstr.|Koeln
Andrew|Justice|Gartenstr.|Koeln
Aristotle|Martin|Gartenstr.|Koeln
Addison|Burns|Gartenstr.|Koeln
Amela|Lindsay|Gartenweg|Koeln
Kareem|Stark|Gartenweg|Koeln
Karyn|Scott|Gartenweg|Koeln
Yasir|Sykes|Gartenweg|Koeln
Casey|Guerrero|Gartenweg|Koeln
Montana|Guerrero|Gartenweg|Koeln
TaShya|Morris|Gartenweg|Koeln
Baxter|Shepherd|Gartenweg|Koeln
Demetrius|Mueller|Gartenweg|Koeln
Adena|Barrera|Gartenweg|Koeln
Lee|Neal|Garthestr.|Koeln
Roth|Rowland|Garthestr.|Koeln
Drake|Wallace|Garthestr.|Koeln
Chaney|Sears|Garthestr.|Koeln
Guy|Mcgowan|Garthestr.|Koeln
Hedwig|Molina|Garthestr.|Koeln
Kibo|Compton|Garthestr.|Koeln
Caldwell|Suarez|Garthestr.|Koeln
Callum|Malone|Garthestr.|Koeln
Erin|Bond|Garthestr.|Koeln
Quentin|Bartlett|Garzweilerweg|Koeln
Amanda|Riddle|Garzweilerweg|Koeln
Harper|Cooke|Garzweilerweg|Koeln
Kyla|Page|Garzweilerweg|Koeln
Austin|Rice|Garzweilerweg|Koeln
Randall|Valencia|Garzweilerweg|Koeln
Claire|Watts|Garzweilerweg|Koeln
Vincent|Bennett|Garzweilerweg|Koeln
Whilemina|Adkins|Garzweilerweg|Koeln
Otto|Stephens|Garzweilerweg|Koeln
Hedy|Melton|Gauweg|Koeln
Benedict|Perez|Gauweg|Koeln
Brett|Howe|Gauweg|Koeln
Ronan|Bray|Gauweg|Koeln
Rhea|Ramos|Gauweg|Koeln
Dean|Vazquez|Gauweg|Koeln
Wesley|Cardenas|Gauweg|Koeln
Sophia|Jenkins|Gauweg|Koeln
Jeremy|Hopkins|Gauweg|Koeln
Uma|Miles|Gauweg|Koeln
Chastity|Turner|Gaussstr.|Koeln
Patrick|Pratt|Gaussstr.|Koeln
Jasmine|Stark|Gaussstr.|Koeln
Zane|Ramos|Gaussstr.|Koeln
Tobias|Gamble|Gaussstr.|Koeln
Lacota|Bender|Gaussstr.|Koeln
Zelenia|Patterson|Gaussstr.|Koeln
Driscoll|Russell|Gaussstr.|Koeln
Cole|Bauer|Gaussstr.|Koeln
Xavier|Decker|Gaussstr.|Koeln