Julian|Miranda|Abendbergweg|Konstanz
Lev|Sanchez|Abendbergweg|Konstanz
Neville|Underwood|Abendbergweg|Konstanz
Gary|Nixon|Abendbergweg|Konstanz
Lewis|Travis|Abendbergweg|Konstanz
Peter|Mckay|Abendbergweg|Konstanz
Alfonso|Clark|Abendbergweg|Konstanz
Preston|Buck|Abendbergweg|Konstanz
Lucas|Lambert|Abendbergweg|Konstanz
Raymond|Holden|Abendbergweg|Konstanz
Rhonda|Hanson|Ackertorweg|Konstanz
Colorado|Mcclure|Ackertorweg|Konstanz
Deborah|Howard|Ackertorweg|Konstanz
Arthur|Carlson|Ackertorweg|Konstanz
Nita|Whitfield|Ackertorweg|Konstanz
Patrick|Sandoval|Ackertorweg|Konstanz
Adam|Sloan|Ackertorweg|Konstanz
Leonard|Alvarado|Ackertorweg|Konstanz
Nasim|Montoya|Ackertorweg|Konstanz
Gavin|Hancock|Ackertorweg|Konstanz
Moses|Montgomery|Adalbert-Schnatterer-Str.|Konstanz
Germaine|Carney|Adalbert-Schnatterer-Str.|Konstanz
Bell|Dorsey|Adalbert-Schnatterer-Str.|Konstanz
Alea|Pruitt|Adalbert-Schnatterer-Str.|Konstanz
Deacon|Maldonado|Adalbert-Schnatterer-Str.|Konstanz
Roary|Payne|Adalbert-Schnatterer-Str.|Konstanz
Fiona|Nolan|Adalbert-Schnatterer-Str.|Konstanz
Brent|Lindsey|Adalbert-Schnatterer-Str.|Konstanz
Kyla|Hayes|Adalbert-Schnatterer-Str.|Konstanz
Piper|Glass|Adalbert-Schnatterer-Str.|Konstanz
Barrett|Bryant|Adenauerstr.|Konstanz
Alfonso|Anthony|Adenauerstr.|Konstanz
Keelie|Delgado|Adenauerstr.|Konstanz
August|Berry|Adenauerstr.|Konstanz
Holmes|Grant|Adenauerstr.|Konstanz
Rooney|Talley|Adenauerstr.|Konstanz
Gillian|Jacobs|Adenauerstr.|Konstanz
Leilani|Dominguez|Adenauerstr.|Konstanz
Berk|Spears|Adenauerstr.|Konstanz
Jael|Evans|Adenauerstr.|Konstanz
Aiko|Gross|Adolf-Schmid-Str.|Konstanz
Glenna|Mosley|Adolf-Schmid-Str.|Konstanz
Graham|Douglas|Adolf-Schmid-Str.|Konstanz
Illiana|Mcguire|Adolf-Schmid-Str.|Konstanz
Hashim|Cain|Adolf-Schmid-Str.|Konstanz
Nathan|Blair|Adolf-Schmid-Str.|Konstanz
Sacha|Valenzuela|Adolf-Schmid-Str.|Konstanz
Herman|Washington|Adolf-Schmid-Str.|Konstanz
Raja|Stephens|Adolf-Schmid-Str.|Konstanz
Branden|French|Adolf-Schmid-Str.|Konstanz
Eliana|Kline|Aeschenweg|Konstanz
Victor|Williamson|Aeschenweg|Konstanz
Keelie|Russell|Aeschenweg|Konstanz
Wendy|Garrison|Aeschenweg|Konstanz
Kibo|Stevens|Aeschenweg|Konstanz
Brock|Lindsay|Aeschenweg|Konstanz
Jaime|Griffith|Aeschenweg|Konstanz
Aaron|Sherman|Aeschenweg|Konstanz
Wyoming|Munoz|Aeschenweg|Konstanz
Paul|Oneal|Aeschenweg|Konstanz
Briar|Camacho|Alemannenstr.|Konstanz
Austin|Rasmussen|Alemannenstr.|Konstanz
Audrey|Mills|Alemannenstr.|Konstanz
Tatyana|Cabrera|Alemannenstr.|Konstanz
Steel|Fleming|Alemannenstr.|Konstanz
Sebastian|Larsen|Alemannenstr.|Konstanz
Curran|Hickman|Alemannenstr.|Konstanz
Steven|Palmer|Alemannenstr.|Konstanz
Jamal|Richard|Alemannenstr.|Konstanz
Kasimir|Wolfe|Alemannenstr.|Konstanz
Ezra|Ramos|Alfred-Wachtel-Str.|Konstanz
Reece|Weeks|Alfred-Wachtel-Str.|Konstanz
Patrick|Roman|Alfred-Wachtel-Str.|Konstanz
Portia|Serrano|Alfred-Wachtel-Str.|Konstanz
Axel|Sweeney|Alfred-Wachtel-Str.|Konstanz
Elmo|Shepherd|Alfred-Wachtel-Str.|Konstanz
Calvin|Duncan|Alfred-Wachtel-Str.|Konstanz
Grady|Figueroa|Alfred-Wachtel-Str.|Konstanz
Dalton|Swanson|Alfred-Wachtel-Str.|Konstanz
Cullen|Carrillo|Alfred-Wachtel-Str.|Konstanz
Martena|Daugherty|Allensbacher Str.|Konstanz
Carl|Haley|Allensbacher Str.|Konstanz
Plato|Gill|Allensbacher Str.|Konstanz
Deborah|Sears|Allensbacher Str.|Konstanz
Roth|Rodriquez|Allensbacher Str.|Konstanz
Raya|Day|Allensbacher Str.|Konstanz
Plato|Odonnell|Allensbacher Str.|Konstanz
Scott|Terry|Allensbacher Str.|Konstanz
Aimee|Freeman|Allensbacher Str.|Konstanz
Kylan|Terry|Allensbacher Str.|Konstanz
Harper|Pitts|Allensteiner Str.|Konstanz
Abraham|Ryan|Allensteiner Str.|Konstanz
Halee|Freeman|Allensteiner Str.|Konstanz
Aretha|Poole|Allensteiner Str.|Konstanz
Charlotte|Atkinson|Allensteiner Str.|Konstanz
Donovan|Adkins|Allensteiner Str.|Konstanz
Kelly|Jordan|Allensteiner Str.|Konstanz
Jacob|Ramos|Allensteiner Str.|Konstanz
Brooke|Barr|Allensteiner Str.|Konstanz
Tarik|Vance|Allensteiner Str.|Konstanz